Business Name,Business Description,Industry,Content Style,Writing Style,Image URL A,Image URL B
AI Partners,AI technology company developing intelligent solutions for business automation and optimization.,Artificial Intelligence,playful,direct,https://isteam.dev-wsimg.com/wam-templates/1fbf2cf3-de19-4013-9fbc-930f233ff3a1-test/a0089f2e989f45a20f0413e54e25426fc309b8b41ca90d1c42a1bd6e409d8311_ai.jpeg,https://isteam.dev-wsimg.com/wam-templates/3d460c40-fb09-4c0b-99c0-a762fc839be1-test/9c37dfad9f825b6c4685d7e6a4ae9be901baf2dc8b0459b5842301397495e3d4_ai.jpeg
Accounting Solutions,Accounting services firm providing tax preparation, bookkeeping, and financial consulting.,Accountant,street,direct,https://isteam.dev-wsimg.com/wam-templates/1b694d6d-2f4f-4a70-9bf2-65f6cb25ed6b-test/a5ac87d252b68e265374d74876ad8079f6554218463049adadafd14a31633324_ai.jpeg,https://isteam.dev-wsimg.com/wam-templates/31169c71-ca7f-47f3-b036-cb770ae4c3d2-test/c1a511690abe99d51f5c2a50102d6a13a5b4dd17a0b06ddf871c566b2f7df131_ai.jpeg
Athletic Services,Sports services company providing athletic training, equipment, and sports programs.,Sports,modern,informative,https://isteam.dev-wsimg.com/wam-templates/699c1749-67d9-44b4-9df5-7445b975965d-test/bbf7a663080e2ac2fbc471c82f76565a576636a9dab3b9eb19f63249fd208fe9_ai.jpeg,https://isteam.dev-wsimg.com/wam-templates/5465b806-3ba4-4550-b59b-0a8370e3ff3a-test/1ad630d28435783c55d74449c1b3526f49bd14e6bbef9b5cb2e31925519bcabc_ai.jpeg
Beauty Boutique,Beauty and cosmetics company offering high-quality products and expert beauty advice.,Cosmetics,playful,informative,https://isteam.dev-wsimg.com/wam-templates/4857d52f-fd4c-4ebf-9cdf-a7e272d6160b-test/ab9ab5185f31f5df40ff90a4f8aa68f03ac3fd0b416426f69cad926ff86cd005_ai.jpeg,https://isteam.dev-wsimg.com/wam-templates/80bf1bef-5e63-450c-bb8e-ef43038cc999-test/70cb903405a8cafea511ac21f246ab9f57ea73dea0ecdfd6b44558b4b21281c9_ai.jpeg
Beauty Salon,Professional hair salon providing cutting-edge styling and beauty services.,Hair Salon and Stylist,bold,upbeat,https://isteam.dev-wsimg.com/wam-templates/be0ba947-543e-4882-bc1b-3e4f4a90a194-test/31ad14d6bef12c508dcbc7446e6c34d8e70efb789e67770f38bc9cd0eefa9376_ai.jpeg,https://isteam.dev-wsimg.com/wam-templates/a3b818f1-c63e-4c6b-abcd-1f9944b290ac-test/ddeaf9030f95a503306420456f5d380ffb6e56f253b22b3fde83ff305b7335be_ai.jpeg
Beauty Solutions,Skincare company offering premium beauty products and skincare treatments.,Skin Care,professional,playful,https://isteam.dev-wsimg.com/wam-templates/624bd2e2-3eff-4488-8909-126b6f5aec11-test/e81a04d87f360f457c5b6ea2bb36c1001d25c1192ed4897aef66a37656dd21aa_ai.jpeg,https://isteam.dev-wsimg.com/wam-templates/2d1f3290-a787-4a44-80d8-8bc24c592703-test/39e5a2392d704cb040a0ec5be6ad8d8e003f46ce6ed50d715413efbfd3c4ac37_ai.jpeg
Build Pro,Construction services provider offering building, renovation, and maintenance solutions.,Construction Service,luxury,caring,https://isteam.dev-wsimg.com/wam-templates/a087adde-18b5-416f-8224-7bdf09e416a9-test/8e0c98f7bbe1c6cd5ab3c9308a5132b7087a87dfded3ff4fab2ba74443f6c707_ai.jpeg,https://isteam.dev-wsimg.com/wam-templates/02bd2a50-792e-4ffd-85c2-3939f7042908-test/e898269590d7ee83914ca034211fd20098d3bd7a67e1faa6876808859e9f4e16_ai.jpeg
Build Solutions,General contracting company specializing in residential and commercial construction projects.,Construction Company,modern,caring,https://isteam.dev-wsimg.com/wam-templates/ba475297-7a62-4b7d-b8c3-00384d30b417-test/da27c87a2ff645d2ad56147b1fc14aca6a8980c887d1ea3d1554045ee97c6b3d_ai.jpeg,https://isteam.dev-wsimg.com/wam-templates/9648f288-77c3-484d-9cfa-4ca759fb4b7a-test/00a0601fcabd2d2b3da1e12a6913f4b25aac9ce120d79c72307b5e5101cea4dd_ai.jpeg
Cleaning Solutions,Professional cleaning services for residential and commercial properties.,Home Cleaning,luxury,playful,https://isteam.dev-wsimg.com/wam-templates/b89c059f-909b-4ea2-8ef4-4b3ca29f0ff3-test/de56c33d8b96eafb2c4c2e5e4572e9806d57859fc6e772dbcce4832086de8d39_ai.jpeg,https://isteam.dev-wsimg.com/wam-templates/f8a1d1d7-e83a-436e-b26c-f631502a3fce-test/6e61ed49e3ef8acee1eeac1c240154d0836995d06e8a5703315d884405ec0866_ai.jpeg
Content Solutions,Content creation company providing writing, editing, and digital content services.,Blog,modern,caring,https://isteam.dev-wsimg.com/wam-templates/dc4a4885-920d-42ff-bea5-0218c67f1bcd-test/1d2de00c572955908ccecfe839c36b8d4546c39eb5e3e6c286c9276e506e9267_ai.jpeg,https://isteam.dev-wsimg.com/wam-templates/7677bd6c-0fbf-441a-81f0-afca2f17be52-test/8c34e7cf0557c832267dfacbb6c92bd88ddbb70878d84be2578a3fc8b39c660a_ai.jpeg
Corporate Advisors,Strategic consulting firm helping businesses optimize operations and achieve sustainable growth.,Business and Management Consultant,organic,caring,https://isteam.dev-wsimg.com/wam-templates/d7dae636-4b8a-44e6-8f7e-f44e1d05ee70-test/608652cc938ea0616c1ebd85a399a9e80b1a357c9be13a160672b0276a24e8cc_ai.jpeg,https://isteam.dev-wsimg.com/wam-templates/f25c3965-9aff-45d9-af8a-dc6627b8d83a-test/abd4c484a97b86b30b4bf6f1db077e1e393a260f3da3f3e27c3e01cd838d14f4_ai.jpeg
Creative Entertainment,Entertainment company offering artistic performances and cultural experiences.,Arts and Entertainment,modern,neutral,https://isteam.dev-wsimg.com/wam-templates/b952f6b1-0b76-47ec-889e-b10785b7bcb3-test/961c50e07cc33be056c40f82e3ea3aaf3a1b42973b0feb792ea4a4b178141b66_ai.jpeg,https://isteam.dev-wsimg.com/wam-templates/44f18168-acce-4fa6-ad0d-4383832684ba-test/68c9f53e67948a422e31565c7f3ea3c3f1c74f67a7781bd19a97991345ed6284_ai.jpeg
Design Studio,Creative studio offering artistic services, design solutions, and visual communication.,Art and Design,street,upbeat,https://isteam.dev-wsimg.com/wam-templates/6973fef1-03dd-4b33-94eb-78091f6e8e5c-test/bc8ee4d55605b532c2d8981d8400cdc8a4a63871059abb125cc8c2f67b967a1c_ai.jpeg,https://isteam.dev-wsimg.com/wam-templates/f9d4002a-f86c-4929-93e9-55a0e00009c3-test/e36335ddb0c23d07b142064de422fd76eede5339de8bb608f664c28726b84d7f_ai.jpeg
Educational Services,Educational institution providing quality learning programs and professional development opportunities.,Education,luxury,formal,https://isteam.dev-wsimg.com/wam-templates/d8703f3c-5dff-471d-bf38-334b682fd5e0-test/9f3b6e23bba008a2433f1af72b9058e3005115da35d81678fd55a663e9c53e37_ai.jpeg,https://isteam.dev-wsimg.com/wam-templates/0ec1b3e8-d89d-4111-b6c4-503caacb952f-test/2bf3df3df575b892bf6b4681f13e989659b8d3beb24aceeffbbcf9fb1fc96529_ai.jpeg
Fashion House,Contemporary fashion brand offering stylish clothing and accessories for modern lifestyles.,Fashion,luxury,formal,https://isteam.dev-wsimg.com/wam-templates/98241309-1dc6-4ba0-80f3-35854327aa6f-test/4b96de2b3b2a9ad0723767a98a512f649164adee9670917c044a4bf45056b538_ai.jpeg,https://isteam.dev-wsimg.com/wam-templates/5d7abb43-38b9-4c9b-9d9c-8c7d39226bf5-test/08a23994233e93fcf5cda87f3a732edaaf72be4e8b34775e5e1a5e0b5750de61_ai.jpeg
Food Services,Culinary establishment offering exceptional dining experiences and quality cuisine.,Restaurant,modern,playful,https://isteam.dev-wsimg.com/wam-templates/08a4281b-8b34-49fb-a9a5-6bef6a91e1a1-test/60487b0d84c91140f4dfe065cb871440797ede159799eeabc6dbca5b356edde6_ai.jpeg,https://isteam.dev-wsimg.com/wam-templates/14c3c73a-2235-48a7-bc10-9a955732eb02-test/ecf6394fe8e00f844b462653f13bb997513158f629e9197b487de5ee256a1a3b_ai.jpeg
Food Solutions,Gourmet food company offering premium specialty foods and culinary products.,Specialty Food,modern,upbeat,https://isteam.dev-wsimg.com/wam-templates/60c9aaa8-2d6f-459d-8a20-6e43543ffd11-test/8feb1838a958f4188bf0cb7428f2288cfc800d83417d1e1ad4fb0443b77a71bf_ai.jpeg,https://isteam.dev-wsimg.com/wam-templates/84cafbe4-10a9-4b31-864c-5c88762c02f7-test/f58f82648588da185b41cd8c293d768fc5965af69971980395326d485deafd64_ai.jpeg
Gaming Center,Gaming entertainment company providing gaming services and digital entertainment solutions.,Gaming,street,playful,https://isteam.dev-wsimg.com/wam-templates/1b675b07-30d1-4283-9661-9f9866634076-test/a5e3c842d9e6625cec43293d3d7f59ec581b86be0433fe893a2278f80b675f78_ai.jpeg,https://isteam.dev-wsimg.com/wam-templates/9b0ec509-815f-4057-a351-90f41193d52c-test/0ccf0ba241b6505650154a77424d39c6d3ebb66ecd7eae31ca18380bf30d5be8_ai.jpeg
Global Solutions,International business services company facilitating global trade and commerce.,International Business and Trade Service,organic,formal,https://isteam.dev-wsimg.com/wam-templates/91eac4cc-83a1-432c-b637-edd905a812f8-test/9b29985cc9268e63be86592e7edffdd8a31685b4017bfb535ab7c9ae11050602_ai.jpeg,https://isteam.dev-wsimg.com/wam-templates/c7424b63-9be4-4dfb-8a1c-acd9445aabd9-test/54ec6137eff94a514255e71ef423c194cc49b9d9663affccade4dc6e62eb8eff_ai.jpeg
Health Services,Medical practice providing comprehensive healthcare services and patient care.,Health and Medical,organic,caring,https://isteam.dev-wsimg.com/wam-templates/4025ebbd-4cc2-49d2-89d1-d1f1031e63b8-test/33ae08b6b846dc5875e9e08c9830aa59cea41e9f9252f3680ecb09cbaf046d0c_ai.jpeg,https://isteam.dev-wsimg.com/wam-templates/11ad4fca-e1cb-4c11-9b86-3a659e90a3e2-test/cf3a7ab6b88f56e593e560e5240ab8d466481da4804e7daed4661aea9f4b2c39_ai.jpeg
Health Solutions,Healthcare services provider offering comprehensive medical care and wellness programs.,Health,professional,formal,https://isteam.dev-wsimg.com/wam-templates/61f14cec-baf0-4ac6-8a27-d5be2693c8bf-test/1e59923f259db571ec4163844e596985fcbbc22320f3707a2960e3848454e16b_ai.jpeg,https://isteam.dev-wsimg.com/wam-templates/4b230454-4563-4c05-a632-6c277ee9b722-test/70442bd58083cecc90c8189c23da699f5cccfe44bb74cf3314e1e61a191712e8_ai.jpeg
IT Advisors,Technology consulting firm providing strategic IT guidance and implementation services.,IT Consulting,organic,formal,https://isteam.dev-wsimg.com/wam-templates/31193f6b-8965-4290-94d4-e0beb2a37d0c-test/acdb1b1dea3e30f410a4530edc533fb9712ce28e747bafb4ae96ae9a8d66a0d6_ai.jpeg,https://isteam.dev-wsimg.com/wam-templates/f358e116-803a-4ed8-bacd-0d23d51e012f-test/b92f029defad6084043e35439b2e67e12945dae16cd092700ebdfc19f6874445_ai.jpeg
IT Solutions,Technology solutions provider specializing in IT infrastructure, cybersecurity, and digital transformation.,IT Company,organic,neutral,https://isteam.dev-wsimg.com/wam-templates/f62bdf6e-4156-47d9-aeef-c1dc47ac9505-test/cc2e851cbe86bfb4df5174a330895de5270debec8d866c86ae93fd096ba685ec_ai.jpeg,https://isteam.dev-wsimg.com/wam-templates/bcf50475-c184-4f91-be09-4ae63a032fd3-test/c26eab9056f6cee2576c9f240d9fbc4988dc15e0daaa1ee9f7a5bc74fe990957_ai.jpeg
Image Arts,Professional photography studio specializing in portraits, events, and commercial photography services.,Photography,modern,informative,https://isteam.dev-wsimg.com/wam-templates/944bc62d-9dbe-4a89-be03-344d60985c8b-test/2a936608a6f71d6ae331efb5d9c78afdcc4ceb139e2d48f43fd1c5c3e67bc2cb_ai.jpeg,https://isteam.dev-wsimg.com/wam-templates/671046ad-8da5-4949-acd3-fc472792926d-test/93a16bd8dd97d8f260ae9457cb8322cdef4e3cedeb0247e8ef0dd94590947865_ai.jpeg
Interior Services,Interior design studio creating beautiful and functional living and working spaces.,Interior Design,bold,caring,https://isteam.dev-wsimg.com/wam-templates/c2211587-d46c-4332-aa31-c5c3a187ba85-test/5a0a4cc5bf232cd86e05cbd3a49d8924f1aa19947243b9e9cd3ed8a7c92235c5_ai.jpeg,https://isteam.dev-wsimg.com/wam-templates/35f22af6-2640-409a-99db-693c8baf3e55-test/92bebd51c820317337d00436ed38f2d3ab5501eb8630083c98ea76b80b873665_ai.jpeg
Legal Partners,Legal services firm providing comprehensive legal representation and consultation.,Legal Service,minimal,upbeat,https://isteam.dev-wsimg.com/wam-templates/d1353ac4-d158-427d-b9ce-3baa3e2c3ce5-test/28c39dec41c5e69cb22b607ecc5a3d9a0c9e491de79533c890b4a53f8b787f19_ai.jpeg,https://isteam.dev-wsimg.com/wam-templates/1a9dfa39-88fe-41ab-bcdc-cf0800f186dc-test/e425f586b53374300878d3f189bd37826ff197a12dbba725212809e3b21a3960_ai.jpeg
Life Coaching,Personal development coaching helping individuals achieve their goals and live their best life.,Life Coach,professional,upbeat,https://isteam.dev-wsimg.com/wam-templates/52af2a62-9858-497a-a46c-667901909b50-test/e63f305c7cb7a3cc14cf729dfe0001039584e4076c254a63b89a4d88e8513e7a_ai.jpeg,https://isteam.dev-wsimg.com/wam-templates/f295d0f6-9cab-401f-9d3f-9cc4a021dc93-test/3fb2820f3848e57841590e829254ce2ff5459d7b29c7074cd91a1deb8e12033a_ai.jpeg
Management Partners,Business management services company offering operational consulting and support.,Business Management Service,minimal,direct,https://isteam.dev-wsimg.com/wam-templates/360001c2-81bc-463c-b921-59e15f742046-test/d216db3e727b70f2eef7e823be01053f1926c2b3dc03647f3e1e8094a7cbff5b_ai.jpeg,https://isteam.dev-wsimg.com/wam-templates/fcc628f1-4aac-474d-986f-d24f926c73c8-test/adf00e7f30bdc24b61ffdcf7a6f3a03c6a9b328a13f01d0231dec4cc201320ee_ai.jpeg
Marketing Partners,Digital marketing agency specializing in online advertising and SEO services.,Internet Marketing Service,luxury,informative,https://isteam.dev-wsimg.com/wam-templates/92f820a2-998f-4a41-853d-d6acf87bb98a-test/ceb944f323b0d2c9a25aad4ca3793b89d77ce304be2482d1c5f8cc21e125dd1b_ai.jpeg,https://isteam.dev-wsimg.com/wam-templates/6cbef5dc-99a5-4ed6-9e64-9be6fce4e7bf-test/97fb68a6c0ae0b9740c0b73bebd05f8b2ef0b7c7bd798c7b6053662e63097a71_ai.jpeg
Marketing Pro,Marketing consultant providing strategic guidance and campaign development.,Marketing Consultant,minimal,playful,https://isteam.dev-wsimg.com/wam-templates/66ad1ee2-26a3-4311-89bd-7177dda31288-test/090ea91d4e2319ad4e5b1266be4afc269ea5dc273810da109ce7be0d51a07db4_ai.jpeg,https://isteam.dev-wsimg.com/wam-templates/2bb4fe03-4dc1-437e-a366-eab5c33e989a-test/caa588f86fee932c2d7c4fae7a90edeeb61885670b8ea6bd02933b285119ca8a_ai.jpeg
Marketing Solutions,Marketing services company helping businesses reach their target audience and grow.,Marketing,modern,formal,https://isteam.dev-wsimg.com/wam-templates/62716755-5914-4dca-9c63-792d8ec39902-test/ef3276a7c4e6c59939a32431b71ff899e114b304c70aec118e7a18a3aaa4061e_ai.jpeg,https://isteam.dev-wsimg.com/wam-templates/ccbebf61-5e99-4b45-b153-4154744f92ac-test/bd39f0df918935ba7546a3f1d9fa8a59475728dadda05bdd2bd72bac071195ab_ai.jpeg
Mobile Services,Mobile application development company creating innovative apps for businesses.,Mobile App,professional,direct,https://isteam.dev-wsimg.com/wam-templates/92bee162-ab63-4b03-aca4-757ac9a71c98-test/e2bfcacf3be82ebb9d71e0123fdf8e80a57b005553fa9121faf3792766cf7b32_ai.jpeg,https://isteam.dev-wsimg.com/wam-templates/451698f2-f3cf-403f-b0eb-10a0d72684a9-test/cc2662ab34ff1c2232af3ef3f332f366a31e5fb4005264c52767ff20e6085cd1_ai.jpeg
Money Solutions,Financial services company providing investment, banking, and financial planning solutions.,Financial Services,modern,upbeat,https://isteam.dev-wsimg.com/wam-templates/dc46ff75-b8d2-4f97-bf83-4c1f4be0f73b-test/93b6cfddcc6da8c44fbcb77dc39618a029b5cb9969292f896f11c22c0fcb1464_ai.jpeg,https://isteam.dev-wsimg.com/wam-templates/9396411e-f09f-4dbc-b21c-5365eb0147b8-test/a43e31848eaf4afb6ef3fe65334216fdc70646805f0509766e2b2bcb6601df59_ai.jpeg
Music Partners,Music services company providing entertainment, education, and audio solutions.,Music,modern,neutral,https://isteam.dev-wsimg.com/wam-templates/f85bf85d-636d-4da6-ad23-32c30965fd18-test/c114951c41c6b6b7abb149c9681be373ab3052c0e82c36278c2cb0cf8da2d58b_ai.jpeg,https://isteam.dev-wsimg.com/wam-templates/98700037-aba1-4c41-ad7a-f9cb191dda43-test/b4ba158a7c5d7644024b4b606e46cb753ee17ea920b5c4ec56a4d6e5e43ae3c1_ai.jpeg
Nonprofit Organization,Nonprofit organization dedicated to community service and social impact initiatives.,Nonprofit,professional,playful,https://isteam.dev-wsimg.com/wam-templates/c5bcad68-205f-4eb0-9b5c-b49e918fff15-test/0ad67770da061f4b61d1d0cd1a8c9c71b1b3599c192c610d08f688bc025be499_ai.jpeg,https://isteam.dev-wsimg.com/wam-templates/c036593a-8bd3-44cb-8f56-14847bc2c454-test/2b527f9f32f9be8940819d1f1616d2c995f4e903694a66e9d6c5bfafc0a48db7_ai.jpeg
Party Services,Event planning company creating memorable celebrations and special occasions.,Event and Party Planning,organic,playful,https://isteam.dev-wsimg.com/wam-templates/cc73811e-4d9a-483c-8f96-934eeb0af88e-test/cf8623f5efb7fe09fd0c75def5de1fc55f8b37b75e1b1a67bbd5c5364ec27df3_ai.jpeg,https://isteam.dev-wsimg.com/wam-templates/0956e6cc-8726-4838-ae34-07e050973ffc-test/229c9176910400084053df6b675115ed3c68dfee21d0609280ece5ba5394f696_ai.jpeg
Personal Services,Personal services provider offering customized solutions for individual needs.,Personal Website,street,informative,https://isteam.dev-wsimg.com/wam-templates/5f449bc9-b78e-47eb-8136-f5342e5f7a4f-test/fbd0567cd1ba4839f86ed46967a52058ac86d65cfc6efa92c711561824aeace3_ai.jpeg,https://isteam.dev-wsimg.com/wam-templates/1825de88-bb29-4693-81e6-b9eec57c9292-test/69f39c2fa388a8298bb02035561bdb14f063dc3a5ffa422bcdad3d2d2359b581_ai.jpeg
Portfolio Partners,Portfolio services company helping professionals showcase their work and achievements.,Portfolio,minimal,upbeat,https://isteam.dev-wsimg.com/wam-templates/702f49ea-9fdd-4d81-809a-07b09ffb6cc9-test/876d894588935b60d3ea96a219e3514d95b23c3822a3c750c761b02ed13be336_ai.jpeg,https://isteam.dev-wsimg.com/wam-templates/55a04e74-2b5c-4437-a565-2832440ffdad-test/b44154881761916bd648c378fa39d7eb5b98f347fa6a6c34b8f3f94f78785ff7_ai.jpeg
Precious Solutions,Fine jewelry store offering exquisite pieces and custom jewelry design services.,Jewelry Store,bold,caring,https://isteam.dev-wsimg.com/wam-templates/465fd234-13b3-402c-b379-5ee24dc9b523-test/eb9ff6fb636505e8759dbbd09de3d2702c8f99fd676e8a621a86982368046eec_ai.jpeg,https://isteam.dev-wsimg.com/wam-templates/1bfd4f2b-bea1-4013-b8bc-b7168cbe0ad6-test/06f169a5587adfb00d6b4aef128169966988371d3568c605e24bc5ac14369bdc_ai.jpeg
Professional Services,Comprehensive business services provider offering solutions for growth and operational excellence.,Business,playful,caring,https://isteam.dev-wsimg.com/wam-templates/22deb844-44c2-498f-ba4f-d7165305f750-test/d1faaebc2103bcf470431ff3cfee322a53e3ceb08b0fae7ecea4cd56ed56f1df_ai.jpeg,https://isteam.dev-wsimg.com/wam-templates/8a863d8e-9f19-4920-a71d-67dc2f4a5111-test/f3aef583c52f01779d70bbb2c9cb5cd86c0e07860dcf91406af77da330e15f6f_ai.jpeg
Property Experts,Comprehensive real estate services including property management, investment consulting, and market analysis.,Real Estate Services,organic,caring,https://isteam.dev-wsimg.com/wam-templates/1f6d46fb-684e-4ee2-af14-a0be086505d9-test/f450a7a19d317967b32567172c4b82ea0d95497b4fb70856bf2cad489524d8a2_ai.jpeg,https://isteam.dev-wsimg.com/wam-templates/30d5409f-2545-4974-8d13-23fd268da4b4-test/a911b4b2677e41add2db2cbe1f2eda5c324145425422412b7f15f8741a05c150_ai.jpeg
Property Partners,Full-service real estate company providing expert guidance for buying, selling, and property investment.,Real Estate,professional,direct,https://isteam.dev-wsimg.com/wam-templates/5d05af0a-af0a-40a3-883f-36c889df4ffd-test/23e300cd7b46c08135152ac52c6ed49a641ceccc566362d3b6e8aeb11557ffff_ai.jpeg,https://isteam.dev-wsimg.com/wam-templates/22c0b02d-1282-45f8-a746-1af5c3e16c3d-test/a6b3ed6a129dc15c2f619c0b5de84038a9a896fc94fb6015d8904e719607c44e_ai.jpeg
Protection Services,Insurance agency offering comprehensive coverage and risk management solutions.,Insurance,luxury,informative,https://isteam.dev-wsimg.com/wam-templates/356c0f31-d75a-4b71-93ae-c7855cc7f2a9-test/615a469ef2e1242001ece34059f3774c1e9e012317556a814f2abf2cafe13bc4_ai.jpeg,https://isteam.dev-wsimg.com/wam-templates/0d10a8b6-6394-4e97-a131-c8a5a0d452a9-test/ad906a13d3e59e55462fe320e703323b5ef871e9368745e7305894c183b69aa5_ai.jpeg
Real Estate Partners,Licensed real estate professional dedicated to helping clients find their perfect home or investment property.,Real Estate Agent,modern,direct,https://isteam.dev-wsimg.com/wam-templates/4d6496f8-5c0a-4e0e-be7e-73ad1edd8eae-test/3116cc471c9668b380e4c2db4ea0f564559e917fcc846c9c6d7e56e293239b84_ai.jpeg,https://isteam.dev-wsimg.com/wam-templates/d21db03d-6bce-40c2-8f2e-1719ea332ee6-test/501b0044794ebd942b4bf24a114bf529d90a9cb6479af1d6a52e26655b07e843_ai.jpeg
Retail Pro,Retail store offering quality products and exceptional customer service.,Retail,bold,informative,https://isteam.dev-wsimg.com/wam-templates/d4e9ba9a-ae64-49f1-93d2-6f449021caad-test/e7f809eeedc194a870a68c7cd156b074bd75457be3b36b68208796cdec4c7ae6_ai.jpeg,https://isteam.dev-wsimg.com/wam-templates/01e71627-8bcc-4bfa-86bc-557b9b9001bf-test/bbeb8ecb80b9962d02bb12b50f15b7a2b8b61aeb2ac83b8544aca94047e962a6_ai.jpeg
Shipping Services,Logistics company providing transportation, warehousing, and supply chain solutions.,Logistics,street,playful,https://isteam.dev-wsimg.com/wam-templates/b6927ad3-de94-4165-80fc-1ca7f883b7aa-test/9dd95f00c9afa32e326b37c6f149ec0c839bd2901d3b1a753e480229107e3286_ai.jpeg,https://isteam.dev-wsimg.com/wam-templates/87f78cc6-6ff9-4570-b82d-536fd3c1aa8a-test/08565ebfb9c0d69980e9ea160234a62c17c9a78dc638ef84b3f3aced3df5ca75_ai.jpeg
Social Impact,Charitable foundation focused on community support and humanitarian causes.,Charitable Organization,luxury,informative,https://isteam.dev-wsimg.com/wam-templates/9015b234-d593-4c91-93e6-d4db6dd6fdd5-test/605687efe32ea4282dd4d5774f355b5850cf50ca5bcf3cd4f0d73ae6016c2483_ai.jpeg,https://isteam.dev-wsimg.com/wam-templates/6125bab7-bc95-4e8c-8164-860e9f394851-test/fc1fc92bebee4082d15660c06ebd2dde1351e9981215e7470b46911533eec3b1_ai.jpeg
Software Solutions,Innovative software development company creating custom solutions for businesses of all sizes.,Software Company,bold,upbeat,https://isteam.dev-wsimg.com/wam-templates/23ebd76f-b490-4690-baa2-490b3b0c940d-test/df7c1a46aa650d9d676ad7f81e349432bb8fe8e3e615d41dd7e3d83514bbb66d_ai.jpeg,https://isteam.dev-wsimg.com/wam-templates/8fec6bbd-e2ce-44eb-8720-451bcbff9f6b-test/60a87a64d533b4fe87f23d0fbb1d2fca9782fb02fb42d25ce5ecbc7e2e5b7ff7_ai.jpeg
Spiritual Pro,Religious organization providing spiritual guidance and community services.,Faith and Religion,professional,informative,https://isteam.dev-wsimg.com/wam-templates/725d1d5b-8e77-401a-86d6-10735b451533-test/558e9d0104072269cd044df17899efae4f2fdcd18c266989e2bacd202f44a171_ai.jpeg,https://isteam.dev-wsimg.com/wam-templates/66097b20-d72d-433b-bedd-aa1e5b1813bc-test/acab2f0a9b69299b4ed63e6f7abc035373bf87ebc97f15f444d6fbebec245411_ai.jpeg
Style Shop,Fashion retail store featuring trendy clothing and accessories for all occasions.,Clothing Store,bold,caring,https://isteam.dev-wsimg.com/wam-templates/99cead8a-f623-44f6-8f46-aecdc5b15504-test/7da5cb3f1bcac4d1711e6242fdcba1cdfdf9943caff4a9561802ff6e2888d232_ai.jpeg,https://isteam.dev-wsimg.com/wam-templates/be77978f-6ca8-4a42-afe8-3f183cd8be19-test/6a362ae7ab4cb6bf6264593c5dd400535f0043920ded5be01c0a31bbab96d3a1_ai.jpeg
Tech Solutions,Technology company advancing scientific research and innovative solutions.,Science and Technology,minimal,informative,https://isteam.dev-wsimg.com/wam-templates/94aa1cd3-22a9-4e50-9757-8481d8e022b3-test/108601a6dba1348412771eecd8a7e9e59e67373d75e41bf6261230919b2508e5_ai.jpeg,https://isteam.dev-wsimg.com/wam-templates/f27cb03b-f524-4025-9d25-5277c4821823-test/79ee8dfcf25b82ed441611dec2a84cdf2dfb922c8d9bf913551a0846e9e4ccb1_ai.jpeg
Tech Support,Professional IT services including system administration, technical support, and technology consulting.,IT Services,organic,direct,https://isteam.dev-wsimg.com/wam-templates/92f1a0d3-0320-4d47-87ef-b4e8bd71ff7f-test/efa74712aae63f3290cf9314b1bf89056be6d9a352bc65f53ed66d1675da76e7_ai.jpeg,https://isteam.dev-wsimg.com/wam-templates/88786cc7-be01-4cc4-8725-3ac5d0dd657b-test/5e864a218546edac8960fad876be4d9f4dd4a3459ee8a89dd4f21caf01e16be1_ai.jpeg
Training Services,Educational services provider offering training, tutoring, and learning programs.,Educational Service,organic,direct,https://isteam.dev-wsimg.com/wam-templates/d90b4722-94c5-499f-b906-7c390f47d264-test/e80f313d2cf1052ada41408a8172b154c2b3f40e88b57b276fdc921ac465613c_ai.jpeg,https://isteam.dev-wsimg.com/wam-templates/fd3b21c1-5f97-4475-90a8-43cbc6930201-test/56d207237b37fd8e6f1847358cdad5e8a5360cf7b29e9fc5c453f3fb1470ccb0_ai.jpeg
Travel Partners,Travel services company offering vacation planning and travel assistance.,Travel,playful,formal,https://isteam.dev-wsimg.com/wam-templates/5af3e822-313a-40ee-ae51-f526ba5829bb-test/4b6d4a12b748cd64bf7d8c2604f5e054248ba156843386b7fae7aa748177c7f1_ai.jpeg,https://isteam.dev-wsimg.com/wam-templates/e21374dc-8dcf-42ba-94a5-29dffffc4615-test/4bc3cf6485e12b573411e687567641a74062d21944ccb6bd0e0597a8468dc600_ai.jpeg
Travel Pro,Travel planning service offering vacation packages and travel arrangements worldwide.,Travel Agency,professional,playful,https://isteam.dev-wsimg.com/wam-templates/de3a5dc0-2916-4b45-80e2-7121e99c788f-test/d72c32446e7aa2e523993444b719495f7ab2cb04eb67d5da951df25e6ebae240_ai.jpeg,https://isteam.dev-wsimg.com/wam-templates/00c173f4-f742-4eed-9f14-33941459e0de-test/49227b03783363c60ab2d947e806eadab131a964bd7fd511b0e51bceec0362c3_ai.jpeg
Visual Services,Graphic design studio creating visual communications and branding solutions.,Graphic Design,professional,caring,https://isteam.dev-wsimg.com/wam-templates/387224b6-3f44-4781-bb64-9e8a7c1519a8-test/51a1e6015a02bfdce5fa484df3668242f8da21e35a83971a2619c3c7ed191df0_ai.jpeg,https://isteam.dev-wsimg.com/wam-templates/1be7db01-c12e-4e9d-a67e-cbf3dea8e437-test/2abb4a0bdf63515b119d3cd86133b2b35e6eb00b22ceac3e3a0c228231613009_ai.jpeg
Web Commerce,Online marketplace specializing in curated products with fast shipping and exceptional customer service.,Ecommerce,luxury,formal,https://isteam.dev-wsimg.com/wam-templates/e4f94a32-4aad-4df2-82f2-e8724c67ea1f-test/6372edab7f90c4ee832d1136200d1db4aee63a806c8b32e1724da6c560af755f_ai.jpeg,https://isteam.dev-wsimg.com/wam-templates/8bcf206e-3574-4a3f-9b7c-d696eae8a417-test/b9a0a6ab3449ed337447c9af30bde04886415be2bb392022a2a45263bb80bdae_ai.jpeg
Wellness Pro,Holistic wellness center providing health services, fitness programs, and wellness coaching.,Wellness,bold,formal,https://isteam.dev-wsimg.com/wam-templates/5faf3138-d2c3-4a9c-8c38-b20414bd613a-test/d2dfbeda04bf7dfecfb6331ccac132cd94b2c9442d52c935f39e5c4c5ddbd1a4_ai.jpeg,https://isteam.dev-wsimg.com/wam-templates/755f5cf3-faa1-4d37-be9a-d102be23f26a-test/9078461645e3f7cded3e75fc2cb7940c6c9a3e72c81a9cc6113ba0a0bf3815e0_ai.jpeg
Wellness Spa,Luxury wellness spa offering rejuvenating treatments and relaxation services in a tranquil environment.,Spa,minimal,neutral,https://isteam.dev-wsimg.com/wam-templates/3d66d617-d10c-4f5c-81a5-f9440da1293e-test/222df374f295aa8b3d2e186b0eefeeed77b70c7903fb0bca2162d36c66bd30_ai.jpeg,https://isteam.dev-wsimg.com/wam-templates/e88c8634-f73a-4a41-9411-ac7eeaedfbf6-test/8737c279e78d4c638238127a814257b647c7565bb62b39d0e26510d6bfdf666a_ai.jpeg

